1502668800.0,4261.48000000,4485.39000000,3850.00000000,4086.29000000,2843.43142600,1503273599999
1503273600.0,4069.13000000,4453.91000000,3400.00000000,4310.01000000,4599.39662900,1503878399999
1503878400.0,4310.01000000,4939.19000000,4124.54000000,4509.08000000,4753.84337600,1504483199999
1504483200.0,4505.00000000,4788.59000000,3603.00000000,4130.37000000,6382.78774500,1505087999999
1505088000.0,4153.62000000,4394.59000000,2817.00000000,3699.99000000,8106.70512700,1505692799999
1505692800.0,3690.00000000,4123.20000000,3505.55000000,3660.02000000,5908.32335000,1506297599999
1506297600.0,3660.02000000,4406.52000000,3653.69000000,4378.48000000,5782.30542400,1506902399999
1506902400.0,4400.00000000,4658.00000000,4110.00000000,4640.00000000,4708.27295600,1507507199999
1507507200.0,4640.00000000,5922.30000000,4550.00000000,5709.99000000,7913.92583700,1508111999999
1508112000.0,5710.00000000,6171.00000000,5037.95000000,5950.02000000,12157.76944700,1508716799999
1508716800.0,5975.00000000,6189.88000000,5286.98000000,6169.98000000,13133.99457000,1509321599999
1509321600.0,6133.01000000,7590.25000000,6030.00000000,7345.01000000,11663.20964800,1509926399999
1509926400.0,7345.10000000,7770.02000000,5325.01000000,5811.03000000,18916.31990000,1510531199999
1510531200.0,5839.94000000,8123.15000000,5699.99000000,8038.00000000,19791.10101100,1511135999999
1511136000.0,8057.11000000,9350.00000000,7801.00000000,9128.02000000,28921.85979200,1511740799999
1511740800.0,9128.00000000,11825.00000000,8520.00000000,11165.41000000,48427.94965000,1512345599999
1512345600.0,11165.41000000,17204.99000000,10802.00000000,14899.98000000,72469.97762700,1512950399999
1512950400.0,14946.26000000,19798.68000000,14666.56000000,18860.02000000,67851.48621500,1513555199999
1513555200.0,18860.04000000,19300.00000000,10961.00000000,13500.00000000,135385.44032200,1514159999999
1514160000.0,13500.00000000,16498.05000000,11750.00000000,13716.36000000,116522.75432100,1514764799999
1514764800.0,13715.65000000,17176.24000000,12750.00000000,16150.03000000,120239.39935900,1515369599999
1515369600.0,16218.85000000,16322.30000000,11400.00000000,13474.99000000,137537.90456500,1515974399999
1515974400.0,13477.98000000,14249.99000000,9035.00000000,11530.00000000,303127.50213700,1516579199999
1516579200.0,11530.00000000,12244.00000000,9900.24000000,11879.95000000,198030.05111700,1517183999999
1517184000.0,11879.95000000,11975.02000000,7930.00000000,8184.81000000,202016.40775900,1517788799999
1517788800.0,8179.99000000,9065.78000000,6000.01000000,8063.88000000,340794.29213100,1518393599999
1518393600.0,8063.82000000,11274.00000000,8053.00000000,10383.43000000,311863.06813700,1518998399999
1518998400.0,10375.01000000,11786.01000000,9274.80000000,9590.00000000,350623.13291100,1519603199999
1519603200.0,9590.00000000,11565.00000000,9350.00000000,11515.00000000,183970.99761400,1520207999999
1520208000.0,11515.00000000,11710.00000000,8329.00000000,9533.57000000,282035.22538200,1520812799999
1520812800.0,9533.57000000,9888.88000000,7322.00000000,8189.99000000,315835.15160600,1521417599999
1521417600.0,8189.00000000,9177.01000000,8088.40000000,8470.15000000,285211.53951100,1522022399999
1522022400.0,8470.14000000,8514.89000000,6430.00000000,6813.01000000,308729.49203100,1522627199999
1522627200.0,6813.01000000,7520.00000000,6500.00000000,7018.00000000,232320.07049900,1523231999999
1523232000.0,7011.04000000,8429.54000000,6611.00000000,8355.00000000,259877.02241400,1523836799999
1523836800.0,8355.07000000,9035.00000000,7825.40000000,8787.02000000,233025.38619000,1524441599999
1524441600.0,8785.70000000,9759.82000000,8651.62000000,9419.00000000,306668.07214000,1525046399999
1525046400.0,9417.04000000,10020.00000000,8800.49000000,9659.01000000,222274.38854000,1525651199999
1525651200.0,9661.02000000,9689.67000000,8153.00000000,8679.71000000,224151.29875100,1526255999999
1526256000.0,8679.71000000,8879.99000000,7911.90000000,8526.98000000,182713.82601200,1526860799999
1526860800.0,8526.97000000,8595.31000000,7231.11000000,7338.99000000,190894.60093900,1527465599999
1527465600.0,7338.99000000,7786.69000000,7032.95000000,7714.26000000,211929.27076600,1528070399999
1528070400.0,7714.26000000,7765.00000000,6622.81000000,6764.99000000,211352.73747800,1528675199999
1528675200.0,6765.00000000,6922.00000000,6118.68000000,6449.61000000,234080.84117100,1529279999999
1529280000.0,6444.06000000,6841.74000000,5750.00000000,6136.97000000,234147.62101500,1529884799999
1529884800.0,6137.95000000,6528.99000000,5780.00000000,6356.81000000,207746.55900600,1530489599999
1530489600.0,6360.82000000,6818.16000000,6271.62000000,6712.10000000,211526.01905800,1531094399999
1531094400.0,6712.10000000,6802.06000000,6070.00000000,6353.01000000,192452.84988000,1531699199999
1531699200.0,6354.15000000,7700.00000000,6330.40000000,7394.79000000,294313.22260400,1532303999999
1532304000.0,7394.78000000,8491.77000000,7375.00000000,8211.00000000,288666.04714100,1532908799999
1532908800.0,8210.99000000,8273.00000000,6882.29000000,7024.19000000,282090.10358400,1533513599999
1533513600.0,7024.19000000,7160.00000000,5971.00000000,6308.33000000,334426.55074300,1534118399999
1534118400.0,6308.56000000,6620.00000000,5880.00000000,6477.53000000,378189.29648700,1534723199999
1534723200.0,6477.53000000,6882.54000000,6220.00000000,6700.00000000,286906.53931100,1535327999999
1535328000.0,6700.00000000,7345.45000000,6646.50000000,7302.01000000,294674.91300500,1535932799999
1535932800.0,7302.00000000,7410.00000000,6111.00000000,6250.81000000,306231.62342400,1536537599999
1536537600.0,6252.26000000,6584.99000000,6169.68000000,6505.00000000,227428.18285400,1537142399999
1537142400.0,6500.08000000,6839.03000000,6123.00000000,6708.00000000,244256.49012100,1537747199999
1537747200.0,6706.81000000,6814.80000000,6325.02000000,6626.57000000,242598.87247100,1538351999999
1538352000.0,6626.57000000,6697.00000000,6430.00000000,6615.26000000,141836.47648300,1538956799999
1538956800.0,6615.26000000,6715.60000000,6205.00000000,6339.34000000,166310.81354400,1539561599999
1539561600.0,6339.34000000,7680.00000000,6300.00000000,6590.11000000,211592.62313900,1540166399999
1540166400.0,6590.12000000,6639.00000000,6453.00000000,6489.93000000,75328.88538500,1540771199999
1540771200.0,6489.93000000,6525.00000000,6245.02000000,6485.85000000,71945.40060700,1541375999999
1541376000.0,6485.85000000,6615.15000000,6355.00000000,6449.81000000,76161.78188000,1541980799999
1541980800.0,6450.71000000,6498.00000000,5403.42000000,5662.00000000,205081.18393800,1542585599999
1542585600.0,5661.94000000,5664.00000000,3652.66000000,4085.78000000,496323.79998000,1543190399999
1543190400.0,4088.69000000,4450.38000000,3689.12000000,4161.01000000,479459.91410100,1543795199999
1543795200.0,4160.55000000,4179.00000000,3222.00000000,3545.37000000,406435.81785400,1544399999999
1544400000.0,3548.49000000,3610.00000000,3156.26000000,3228.67000000,249791.79078700,1545004799999
1545004800.0,3229.22000000,4139.99000000,3216.00000000,3929.71000000,489096.74115800,1545609599999
1545609600.0,3929.71000000,4198.00000000,3535.00000000,3801.91000000,332161.25544200,1546214399999
1546214400.0,3803.12000000,4027.71000000,3630.33000000,3987.60000000,214860.90624200,1546819199999
1546819200.0,3987.62000000,4069.80000000,3441.30000000,3476.81000000,245887.27794800,1547423999999
1547424000.0,3477.56000000,3720.00000000,3467.02000000,3539.28000000,199395.79296500,1548028799999
1548028800.0,3539.26000000,3662.94000000,3434.85000000,3550.84000000,154566.45086100,1548633599999
1548633600.0,3550.05000000,3557.75000000,3349.92000000,3458.11000000,186574.10542300,1549238399999
1549238400.0,3458.11000000,3733.58000000,3373.10000000,3680.06000000,198350.67398800,1549843199999
1549843200.0,3679.75000000,3700.11000000,3568.11000000,3667.58000000,167995.80513900,1550447999999
1550448000.0,3667.62000000,4198.00000000,3655.00000000,3743.56000000,301384.22226000,1551052799999
1551052800.0,3743.56000000,3888.00000000,3677.17000000,3807.75000000,190343.24672600,1551657599999
1551657600.0,3807.32000000,3971.75000000,3670.69000000,3916.82000000,207833.42997000,1552262399999
1552262400.0,3915.99000000,4056.98000000,3810.43000000,3981.14000000,185620.34481300,1552867199999
1552867200.0,3981.85000000,4069.32000000,3880.01000000,3992.18000000,156283.26348300,1553471999999
1553472000.0,3991.35000000,4140.00000000,3888.71000000,4103.95000000,178114.87504900,1554076799999
1554076800.0,4102.44000000,5275.01000000,4067.00000000,5170.27000000,420989.96873800,1554681599999
1554681600.0,5170.27000000,5422.00000000,4861.22000000,5131.30000000,247866.40740500,1555286399999
1555286400.0,5131.28000000,5333.42000000,4950.00000000,5256.14000000,168555.91174500,1555891199999
1555891200.0,5257.41000000,5600.00000000,5102.00000000,5307.52000000,247392.82390400,1556495999999
1556496000.0,5309.81000000,5900.00000000,5178.80000000,5775.62000000,191971.58997500,1557100799999
1557100800.0,5773.18000000,7521.78000000,5619.14000000,6967.31000000,313283.86961200,1557705599999
1557705600.0,6968.24000000,8366.00000000,6870.00000000,8148.48000000,461287.69413900,1558310399999
1558310400.0,8147.94000000,8740.00000000,7461.00000000,8614.43000000,341677.39881000,1558915199999
1558915200.0,8612.54000000,9074.26000000,8005.00000000,8725.98000000,292049.04381200,1559519999999
1559520000.0,8726.00000000,8800.95000000,7444.58000000,7628.13000000,293308.70969600,1560124799999
1560124800.0,7627.57000000,9333.00000000,7511.00000000,8953.33000000,274072.05837100,1560729599999
1560729600.0,8953.00000000,11392.64000000,8950.00000000,10906.07000000,378253.00306500,1561334399999
1561334400.0,10905.95000000,13970.00000000,10525.10000000,10854.10000000,684152.50877200,1561939199999
1561939200.0,10854.10000000,12000.00000000,9727.00000000,11406.24000000,517740.07169300,1562543999999
1562544000.0,11410.00000000,13147.08000000,10103.00000000,10174.18000000,510462.03567800,1563148799999
1563148800.0,10174.18000000,11100.00000000,9060.00000000,10589.45000000,487080.97263000,1563753599999
1563753600.0,10590.15000000,10683.16000000,9165.00000000,9541.54000000,269819.32510900,1564358399999
1564358400.0,9541.54000000,11040.00000000,9395.00000000,10929.23000000,259518.80601900,1564963199999
1564963200.0,10929.99000000,12330.70000000,10927.80000000,11549.97000000,371072.85766100,1565567999999
1565568000.0,11539.08000000,11577.89000000,9750.00000000,10306.78000000,248273.37466500,1566172799999
1566172800.0,10306.17000000,10949.96000000,9762.00000000,10142.69000000,232472.05333100,1566777599999
1566777600.0,10142.69000000,10604.00000000,9320.00000000,9724.98000000,211243.55028800,1567382399999
1567382400.0,9723.59000000,10905.87000000,9712.50000000,10381.18000000,281075.66490800,1567987199999
1567987200.0,10381.24000000,10480.00000000,9880.00000000,10302.01000000,207165.65445800,1568591999999
1568592000.0,10303.34000000,10355.00000000,9653.00000000,10028.87000000,188644.19962300,1569196799999
1569196800.0,10028.05000000,10049.99000000,7750.00000000,8043.82000000,364560.06474400,1569801599999
1569801600.0,8043.04000000,8500.00000000,7710.00000000,7854.25000000,239136.79539900,1570406399999
1570406400.0,7855.30000000,8779.51000000,7762.00000000,8275.01000000,281416.73873400,1571011199999
1571011200.0,8275.24000000,8403.00000000,7816.01000000,8223.35000000,219241.79231100,1571615999999
1571616000.0,8223.35000000,10370.00000000,7300.00000000,9529.93000000,508882.69375600,1572220799999
1572220800.0,9528.23000000,9902.10000000,8913.00000000,9194.71000000,354362.74432700,1572825599999
1572825600.0,9196.46000000,9513.68000000,8696.00000000,9039.47000000,294282.77161200,1573430399999
1573430400.0,9040.16000000,9072.32000000,8350.68000000,8502.40000000,239532.02348000,1574035199999
1574035200.0,8502.87000000,8503.52000000,6790.00000000,6903.28000000,422402.00470300,1574639999999
1574640000.0,6900.23000000,7850.00000000,6515.00000000,7390.89000000,503259.06429100,1575244799999
1575244800.0,7391.50000000,7750.00000000,7067.00000000,7510.11000000,331484.78371600,1575849599999
1575849600.0,7510.11000000,7650.00000000,7008.35000000,7118.59000000,252294.98040800,1576454399999
1576454400.0,7119.60000000,7518.54000000,6435.00000000,7501.44000000,339611.46169700,1577059199999
1577059200.0,7500.71000000,7695.38000000,7076.42000000,7388.24000000,267312.08693500,1577663999999
1577664000.0,7388.43000000,7495.00000000,6871.04000000,7358.75000000,241051.79844400,1578268799999
1578268800.0,7357.64000000,8455.00000000,7346.76000000,8184.98000000,498017.84689800,1578873599999
1578873600.0,8184.97000000,9198.98000000,8055.89000000,8701.70000000,468235.62749600,1579478399999
1579478400.0,8701.72000000,8818.00000000,8238.00000000,8615.00000000,250977.00176500,1580083199999
1580083200.0,8614.39000000,9578.00000000,8535.00000000,9331.51000000,362870.20838800,1580687999999
1580688000.0,9331.59000000,10166.00000000,9093.01000000,10151.75000000,364995.86483400,1581292799999
1581292800.0,10151.72000000,10500.00000000,9638.12000000,9917.27000000,427067.58518900,1581897599999
1581897600.0,9910.70000000,10250.00000000,9350.00000000,9936.40000000,360700.46771900,1582502399999
1582502400.0,9936.40000000,9990.00000000,8411.00000000,8531.88000000,426585.45870700,1583107199999
1583107200.0,8530.30000000,9188.00000000,8000.00000000,8033.31000000,379197.13168000,1583711999999
1583712000.0,8034.76000000,8179.31000000,3782.13000000,5361.30000000,1224228.28324000,1584316799999
1584316800.0,5360.33000000,6900.00000000,4442.12000000,5816.19000000,1180843.34581500,1584921599999
1584921600.0,5816.05000000,6957.96000000,5688.00000000,5881.42000000,770380.80536000,1585526399999
1585526400.0,5880.50000000,7198.00000000,5857.76000000,6772.78000000,664784.29958300,1586131199999
1586131200.0,6772.78000000,7459.69000000,6739.98000000,6903.79000000,582804.77108700,1586735999999
1586736000.0,6903.79000000,7293.08000000,6468.27000000,7120.74000000,501345.25890300,1587340799999
1587340800.0,7121.40000000,7738.00000000,6751.00000000,7693.10000000,469098.31294700,1587945599999
1587945600.0,7693.10000000,9460.00000000,7606.00000000,8894.16000000,742165.16210400,1588550399999
1588550400.0,8894.15000000,10067.00000000,8117.00000000,8722.77000000,780478.84946600,1589155199999
1589155200.0,8722.77000000,9939.00000000,8200.00000000,9680.04000000,721487.83708700,1589759999999
1589760000.0,9681.11000000,9950.00000000,8700.00000000,8720.34000000,517248.17753600,1590364799999
1590364800.0,8718.14000000,9740.00000000,8642.72000000,9448.27000000,425528.24616700,1590969599999
1590969600.0,9448.27000000,10380.00000000,9266.00000000,9746.99000000,427822.49534700,1591574399999
1591574400.0,9746.99000000,9992.72000000,9113.00000000,9342.10000000,336172.77151700,1592179199999
1592179200.0,9342.10000000,9589.00000000,8910.45000000,9294.69000000,323565.71184200,1592783999999
1592784000.0,9294.69000000,9780.00000000,8833.00000000,9116.35000000,343601.08315400,1593388799999
1593388800.0,9116.16000000,9292.00000000,8893.03000000,9069.41000000,247256.19512500,1593993599999
1593993600.0,9069.41000000,9470.00000000,9055.92000000,9302.75000000,284964.99967300,1594598399999
1594598400.0,9303.31000000,9343.82000000,9047.25000000,9208.99000000,247602.69209500,1595203199999
1595203200.0,9208.99000000,10111.00000000,9131.00000000,9931.54000000,346433.53511500,1595807999999
1595808000.0,9931.54000000,12123.46000000,9917.21000000,11071.35000000,637793.81172400,1596412799999
1596412800.0,11071.36000000,11909.94000000,10936.00000000,11681.68000000,403167.45146000,1597017599999
1597017600.0,11681.69000000,12067.35000000,11125.00000000,11911.00000000,468167.72232000,1597622399999
1597622400.0,11910.99000000,12468.00000000,11376.81000000,11648.13000000,426710.48350200,1598227199999
1598227200.0,11648.12000000,11824.90000000,11117.64000000,11711.16000000,355153.16937200,1598831999999
1598832000.0,11711.17000000,12050.85000000,9825.00000000,10256.20000000,581777.75652500,1599436799999
1599436800.0,10255.89000000,10580.11000000,9850.00000000,10332.83000000,366759.99404800,1600041599999
1600041600.0,10332.84000000,11179.79000000,10212.34000000,10920.28000000,374339.55881400,1600646399999
1600646400.0,10920.28000000,10988.86000000,10136.82000000,10774.25000000,331299.29108100,1601251199999
1601251200.0,10774.26000000,10950.00000000,10374.00000000,10666.63000000,288073.12698900,1601855999999
1601856000.0,10666.62000000,11491.00000000,10525.00000000,11369.02000000,288404.14549400,1602460799999
1602460800.0,11369.02000000,11720.01000000,11172.00000000,11503.14000000,279657.09704700,1603065599999
1603065600.0,11503.14000000,13350.00000000,11407.96000000,13028.83000000,418993.35468100,1603670399999
1603670400.0,13029.64000000,14100.00000000,12765.00000000,13761.50000000,485358.52171600,1604275199999
1604275200.0,13761.49000000,15960.00000000,13195.05000000,15475.10000000,665037.14645200,1604879999999
1604880000.0,15475.10000000,16480.00000000,14805.54000000,15957.00000000,529729.42649600,1605484799999
1605484800.0,15957.00000000,18965.90000000,15864.00000000,18414.43000000,684197.64282900,1606089599999
1606089600.0,18413.88000000,19484.21000000,16188.00000000,18184.99000000,676351.57997400,1606694399999
1606694400.0,18185.00000000,19888.00000000,18001.12000000,19359.40000000,537012.14293100,1607299199999
1607299200.0,19358.67000000,19420.91000000,17572.33000000,19174.99000000,414166.99723700,1607903999999
1607904000.0,19174.99000000,24295.00000000,19000.00000000,23455.52000000,650661.72430000,1608508799999
1608508800.0,23455.54000000,28422.00000000,21815.00000000,26281.66000000,688906.56055700,1609113599999
1609113600.0,26281.54000000,34778.11000000,25880.00000000,33000.05000000,625132.26320300,1609718399999
1609718400.0,33000.05000000,41950.00000000,28130.00000000,38150.02000000,850700.26615200,1610323199999
1610323200.0,38150.02000000,40100.00000000,30420.00000000,35828.61000000,897339.67445000,1610927999999
1610928000.0,35824.99000000,37850.00000000,28850.00000000,32259.90000000,640226.93578500,1611532799999
1611532800.0,32259.45000000,38531.90000000,29241.72000000,33092.98000000,747463.50850900,1612137599999
1612137600.0,33092.97000000,40955.51000000,32296.16000000,38795.69000000,583442.33154400,1612742399999
1612742400.0,38795.69000000,49707.43000000,37988.89000000,48577.79000000,664186.27090900,1613347199999
1613347200.0,48580.47000000,58352.80000000,45570.79000000,57408.57000000,533487.79969900,1613951999999
1613952000.0,57412.35000000,57508.47000000,43000.00000000,45135.66000000,737125.74636500,1614556799999
1614556800.0,45134.11000000,52640.00000000,44950.53000000,50971.75000000,490819.56296800,1615161599999
1615161600.0,50959.11000000,61844.00000000,49274.67000000,58968.31000000,514559.69868500,1615766399999
1615766400.0,58976.08000000,60633.43000000,53271.34000000,57351.56000000,463194.21418000,1616371199999
1616371200.0,57351.56000000,58430.73000000,50427.56000000,55777.63000000,446278.62841300,1616975999999
1616976000.0,55777.65000000,60200.00000000,54800.01000000,58202.01000000,367477.89327300,1617580799999
1617580800.0,58202.01000000,61500.00000000,55473.00000000,60002.43000000,375865.59361400,1618185599999
1618185600.0,59998.80000000,64854.00000000,50931.30000000,56150.01000000,549048.29803200,1618790399999
1618790400.0,56150.01000000,57526.81000000,46930.00000000,49066.77000000,568462.85096000,1619395199999
1619395200.0,49066.76000000,58458.07000000,48753.44000000,56578.21000000,395983.45601300,1619999999999
1620000000.0,56578.21000000,59500.00000000,52900.00000000,58240.84000000,504478.92630300,1620604799999
1620604800.0,58240.83000000,59500.00000000,43825.39000000,46431.50000000,684880.14819700,1621209599999
1621209600.0,46426.83000000,46686.00000000,30000.00000000,34655.25000000,1386781.05214400,1621814399999
1621814400.0,34681.44000000,40841.00000000,33379.00000000,35641.27000000,786531.16394100,1622419199999
1622419200.0,35641.26000000,39476.00000000,34153.84000000,35796.31000000,528299.50493700,1623023999999
1623024000.0,35796.31000000,39380.00000000,31000.00000000,39020.57000000,700065.60491500,1623628799999
1623628800.0,39020.56000000,41330.00000000,33336.00000000,35600.16000000,610333.96208900,1624233599999
1624233600.0,35600.17000000,35750.00000000,28805.00000000,34700.34000000,907073.70759800,1624838399999
1624838400.0,34702.49000000,36600.00000000,32699.00000000,35286.51000000,464791.76359300,1625443199999
1625443200.0,35288.13000000,35293.78000000,32077.00000000,34258.99000000,359766.23540400,1626047999999
1626048000.0,34259.00000000,34678.43000000,31020.00000000,31778.56000000,306160.98707900,1626652799999
1626652800.0,31778.57000000,35398.00000000,29278.00000000,35381.02000000,383262.21715400,1627257599999
1627257600.0,35381.02000000,42599.00000000,35205.78000000,39845.44000000,568598.50960600,1627862399999
1627862400.0,39850.27000000,45310.00000000,37332.70000000,43794.37000000,463107.67071100,1628467199999
1628467200.0,43794.36000000,48144.00000000,42779.00000000,46973.82000000,372867.97981100,1629071999999
1629072000.0,46973.82000000,49757.04000000,43927.70000000,49239.22000000,357634.46215500,1629676799999
1629676800.0,49239.22000000,50500.00000000,46250.00000000,48767.83000000,298905.69704200,1630281599999
1630281600.0,48767.84000000,51900.00000000,46512.00000000,51756.88000000,327484.44363800,1630886399999
1630886400.0,51756.88000000,52920.00000000,42843.05000000,46025.24000000,399602.39982000,1631491199999
1631491200.0,46025.23000000,48843.20000000,43370.00000000,47241.75000000,289430.44387000,1632095999999
1632096000.0,47241.75000000,47347.25000000,39600.00000000,43160.90000000,437174.23273000,1632700799999
1632700800.0,43160.90000000,49228.08000000,40753.88000000,48200.01000000,290620.78115000,1633305599999
1633305600.0,48200.01000000,56561.31000000,46891.00000000,54659.00000000,424292.25859900,1633910399999
1633910400.0,54659.01000000,62933.00000000,53879.00000000,61528.33000000,362346.26317400,1634515199999
1634515200.0,61528.32000000,67000.00000000,59510.63000000,60852.22000000,336367.00881000,1635119999999
1635120000.0,60852.22000000,63710.63000000,57820.00000000,61299.80000000,314971.84980000,1635724799999
1635724800.0,61299.81000000,64270.00000000,59405.00000000,63273.59000000,253033.72432000,1636329599999
1636329600.0,63273.58000000,69000.00000000,62278.00000000,65519.10000000,294213.11270800,1636934399999
1636934400.0,65519.11000000,66401.82000000,55600.00000000,58622.02000000,340150.61676000,1637539199999
1637539200.0,58617.70000000,59444.00000000,53256.64000000,57274.88000000,315216.31943000,1638143999999
1638144000.0,57274.89000000,59176.99000000,42000.30000000,49396.33000000,390528.91248800,1638748799999
1638748800.0,49396.32000000,51936.33000000,46751.00000000,50053.90000000,272083.99753000,1639353599999
1639353600.0,50053.90000000,50189.97000000,45456.00000000,46681.23000000,271834.80183000,1639958399999
1639958400.0,46681.24000000,51810.00000000,45558.85000000,50775.49000000,209149.42595000,1640563199999
1640563200.0,50775.48000000,52088.00000000,45678.00000000,47286.18000000,217379.64220000,1641167999999
1641168000.0,47286.18000000,47570.00000000,40501.00000000,41864.62000000,264331.61587000,1641772799999
1641772800.0,41864.62000000,44500.00000000,39650.00000000,43071.66000000,232059.06969000,1642377599999
1642377600.0,43071.66000000,43505.00000000,34008.00000000,36244.55000000,354513.98432000,1642982399999
1642982400.0,36244.55000000,38919.98000000,32917.17000000,37881.76000000,353702.62639100,1643587199999
1643587200.0,37881.75000000,42656.00000000,36250.00000000,42380.87000000,258946.95322000,1644191999999
1644192000.0,42380.87000000,45821.00000000,41645.85000000,42053.66000000,301990.47877000,1644796799999
1644796800.0,42053.65000000,44751.40000000,38000.00000000,38386.89000000,243150.46162000,1645401599999
1645401600.0,38386.89000000,40348.45000000,34322.28000000,37699.07000000,412335.93267000,1646006399999
1646006400.0,37699.08000000,45400.00000000,37450.17000000,38420.81000000,376417.07830000,1646611199999
1646611200.0,38420.80000000,42594.06000000,37155.00000000,37777.34000000,374777.65361000,1647215999999
1647216000.0,37777.35000000,42400.00000000,37555.00000000,41262.11000000,323399.67100000,1647820799999
1647820800.0,41262.11000000,46999.00000000,40467.94000000,46827.76000000,315436.15044000,1648425599999
1648425600.0,46827.76000000,48189.84000000,44200.00000000,46407.35000000,312053.15964000,1649030399999
1649030400.0,46407.36000000,47200.00000000,41868.00000000,42158.85000000,268118.29111000,1649635199999
1649635200.0,42158.85000000,42414.71000000,39200.00000000,39678.12000000,259281.04870000,1650239999999
1650240000.0,39678.11000000,42976.00000000,38536.51000000,39450.13000000,283885.03637000,1650844799999
1650844800.0,39450.12000000,40797.31000000,37386.38000000,38468.35000000,368444.26814000,1651449599999
1651449600.0,38468.35000000,40023.77000000,33713.95000000,34038.40000000,419979.58290000,1652054399999
1652054400.0,34038.39000000,34243.15000000,26700.00000000,31328.89000000,964223.84927400,1652659199999
1652659200.0,31328.89000000,31328.90000000,28654.47000000,30293.94000000,375096.22376000,1653263999999
1653264000.0,30293.93000000,30670.51000000,28019.56000000,29468.10000000,430508.71991000,1653868799999
1653868800.0,29468.10000000,32399.00000000,29282.36000000,29919.21000000,422401.40352000,1654473599999
1654473600.0,29919.20000000,31765.64000000,26560.00000000,26574.53000000,528925.48795900,1655078399999
1655078400.0,26574.53000000,26895.84000000,17622.00000000,20574.00000000,1153717.63753700,1655683199999
1655683200.0,20574.00000000,21888.00000000,19637.03000000,21038.07000000,570801.23178000,1656287999999
1656288000.0,21038.08000000,21539.85000000,18626.00000000,19315.83000000,508544.13970000,1656892799999
1656892800.0,19315.83000000,22527.37000000,19055.31000000,20862.47000000,1111996.98071000,1657497599999
1657497600.0,20861.11000000,21684.54000000,18910.94000000,20798.16000000,1043685.76303000,1658102399999
1658102400.0,20799.58000000,24276.74000000,20762.45000000,22579.68000000,1336219.23609000,1658707199999
1658707200.0,22577.13000000,24668.00000000,20706.50000000,23293.32000000,1282264.24492000,1659311999999
1659312000.0,23296.36000000,23647.68000000,22400.00000000,23174.39000000,951140.43388000,1659916799999
1659916800.0,23174.39000000,25047.56000000,22664.69000000,24305.24000000,1251083.26468000,1660521599999
1660521600.0,24305.25000000,25211.32000000,20761.90000000,21515.61000000,1402957.39876000,1661126399999
1661126400.0,21516.70000000,21900.00000000,19520.00000000,19555.61000000,1343190.86000000,1661731199999
1661731200.0,19555.61000000,20576.25000000,19540.00000000,20000.30000000,1527594.84529000,1662335999999
1662336000.0,20000.30000000,21860.00000000,18510.77000000,21826.87000000,2146685.76233000,1662940799999
1662940800.0,21826.87000000,22799.00000000,19320.01000000,19416.18000000,2218565.59694000,1663545599999
1663545600.0,19417.45000000,19956.00000000,18125.98000000,18807.38000000,2285541.48793000,1664150399999
1664150400.0,18809.13000000,20385.86000000,18471.28000000,19056.80000000,2777070.91238000,1664755199999
1664755200.0,19057.74000000,20475.00000000,18959.68000000,19439.02000000,1690215.44019000,1665359999999
1665360000.0,19439.96000000,19951.87000000,18190.00000000,19262.98000000,1666942.47921000,1665964799999
1665964800.0,19262.98000000,19706.66000000,18650.00000000,19570.40000000,1439566.24878000,1666569599999
1666569600.0,19570.40000000,21085.00000000,19157.00000000,20627.48000000,2026392.42105000,1667174399999
1667174400.0,20627.48000000,21480.65000000,20031.24000000,20905.58000000,2205754.83045000,1667779199999
1667779200.0,20905.58000000,21069.77000000,15588.00000000,16329.85000000,3234391.87393200,1668383999999
1668384000.0,16331.78000000,17190.00000000,15815.21000000,16280.23000000,1626234.48043000,1668988799999
1668988800.0,16279.50000000,16812.63000000,15476.00000000,16428.78000000,1561058.47958300,1669593599999
1669593600.0,16428.77000000,17324.00000000,15995.27000000,17105.70000000,1572173.55626000,1670198399999
1670198400.0,17106.65000000,17424.25000000,16678.83000000,17085.05000000,1443791.97519000,1670803199999
1670803200.0,17085.05000000,18387.95000000,16527.32000000,16738.21000000,1511897.62621000,1671407999999
1671408000.0,16739.00000000,17061.27000000,16256.30000000,16832.11000000,1148035.81471000,1672012799999
1672012800.0,16832.11000000,16972.83000000,16333.00000000,16616.75000000,1028681.78419000,1672617599999
1672617600.0,16617.17000000,17176.99000000,16548.70000000,17127.83000000,1112349.61417000,1673222399999
1673222400.0,17127.83000000,21258.00000000,17104.66000000,20871.50000000,2145455.73458000,1673827199999
1673827200.0,20872.99000000,23371.80000000,20407.15000000,22707.88000000,2108890.06922000,1674431999999
1674432000.0,22706.02000000,23960.54000000,22300.00000000,23742.30000000,1946352.79600000,1675036799999
1675036800.0,23743.37000000,24255.00000000,22500.00000000,22932.91000000,1949971.72168000,1675641599999
1675641600.0,22932.91000000,23452.00000000,21451.00000000,21783.54000000,1976378.51282000,1676246399999
1676246400.0,21782.37000000,21894.99000000,21433.00000000,21509.41000000,223532.98110000,1676851199999
1676851200.0,24272.51000000,25250.00000000,23574.69000000,23900.63000000,1404890.55862000,1677455999999
1677456000.0,23554.85000000,24000.00000000,23020.03000000,23716.78000000,761263.37406000,1678060799999
1678060800.0,22430.24000000,22602.19000000,19776.22000000,19890.03000000,1371147.51145000,1678665599999
1678665600.0,21998.05000000,28390.10000000,21813.88000000,27972.87000000,3775888.94983000,1679270399999
1679270400.0,27972.87000000,28868.05000000,26601.80000000,27968.05000000,1437828.84706000,1679875199999
1679875200.0,27968.05000000,29184.68000000,26508.14000000,28383.41000000,458741.35420000,1680479999999
1680480000.0,28171.87000000,28775.00000000,27200.24000000,28323.76000000,306532.39014000,1681084799999
1681084800.0,28323.76000000,31000.00000000,28170.00000000,30304.65000000,377573.74044000,1681689599999
1681689600.0,30304.66000000,30485.00000000,27125.00000000,27590.60000000,430421.84646000,1682294399999
1682294400.0,27590.59000000,30036.00000000,26942.82000000,29233.21000000,444613.47701000,1682899199999
1682899200.0,29233.20000000,29820.00000000,27666.95000000,28430.10000000,360117.97447000,1683503999999
1683504000.0,28430.09000000,28631.01000000,25811.46000000,26917.62000000,338765.74243000,1684108799999
1684108800.0,26917.61000000,27663.59000000,26361.20000000,26747.78000000,230394.72253000,1684713599999
1684713600.0,26747.78000000,27495.83000000,25871.89000000,26738.32000000,188049.45646000,1685318399999
1685318400.0,28065.01000000,28447.14000000,26505.00000000,27115.21000000,233113.44204000,1685923199999
1685923200.0,27115.20000000,27391.77000000,25351.02000000,25925.55000000,347786.76863000,1686527999999
1686528000.0,25925.54000000,26839.99000000,24800.00000000,26339.97000000,265685.74051000,1687132799999
1687132800.0,26339.98000000,31431.94000000,26256.61000000,30462.66000000,408189.22942000,1687737599999
1687737600.0,30462.67000000,30994.97000000,29930.00000000,30594.15000000,87313.26446000,1688342399999
